{"cameraMode":{"drawMode":0,"name":"Shaded","section":"Shading Mode"},"sceneLighting":false,"audioPlay":false,"sceneViewState":{"showFog":true,"showMaterialUpdate":false,"showSkybox":false,"showFlares":true,"showImageEffects":true,"showParticleSystems":true},"in2DMode":false,"pivot":{"x":2.4295287132263185,"y":1.0653433799743653,"z":0.4375677704811096},"rotation":{"x":-0.048959169536828998,"y":0.6322618722915649,"z":-0.0400715246796608,"w":-0.7721824645996094},"size":2.246164083480835,"orthographic":false}