{"cameraMode":{"drawMode":0,"name":"Shaded","section":"Shading Mode"},"sceneLighting":false,"audioPlay":false,"sceneViewState":{"showFog":true,"showMaterialUpdate":false,"showSkybox":false,"showFlares":true,"showImageEffects":true,"showParticleSystems":true},"in2DMode":false,"pivot":{"x":7.059573650360107,"y":-2.141904830932617,"z":4.085115432739258},"rotation":{"x":-0.02944306470453739,"y":0.9388312101364136,"z":-0.3329538404941559,"w":-0.08301897346973419},"size":38.154884338378909,"orthographic":false}