{"cameraMode":{"drawMode":0,"name":"Shaded","section":"Shading Mode"},"sceneLighting":false,"audioPlay":false,"sceneViewState":{"showFog":true,"showMaterialUpdate":false,"showSkybox":false,"showFlares":true,"showImageEffects":true,"showParticleSystems":true},"in2DMode":false,"pivot":{"x":1.47004234790802,"y":1.991236925125122,"z":-1.1258995532989503},"rotation":{"x":-0.032855767756700519,"y":0.7816858887672424,"z":-0.04131259769201279,"w":-0.6214566230773926},"size":3.071585178375244,"orthographic":false}