{"cameraMode":{"drawMode":0,"name":"Shaded","section":"Shading Mode"},"sceneLighting":false,"audioPlay":false,"sceneViewState":{"showFog":true,"showMaterialUpdate":false,"showSkybox":false,"showFlares":true,"showImageEffects":true,"showParticleSystems":true},"in2DMode":false,"pivot":{"x":2.0436649322509767,"y":1.7528250217437745,"z":-1.0081782341003419},"rotation":{"x":-0.1097199022769928,"y":0.6942453980445862,"z":-0.10833762586116791,"w":-0.7030467987060547},"size":4.571585178375244,"orthographic":false}