{"cameraMode":{"drawMode":0,"name":"Shaded","section":"Shading Mode"},"sceneLighting":true,"audioPlay":false,"sceneViewState":{"showFog":true,"showMaterialUpdate":false,"showSkybox":true,"showFlares":true,"showImageEffects":true,"showParticleSystems":true},"in2DMode":false,"pivot":{"x":-0.8078942894935608,"y":-0.6374826431274414,"z":-1.3488197326660157},"rotation":{"x":-0.15863755345344544,"y":0.0020696574356406929,"z":-0.000332599418470636,"w":-0.9873347282409668},"size":16.91539764404297,"orthographic":false}